product,price,sale_price
 Abib Heartleaf Calming Toner Skin Booster 200ml,USD 21.00,USD 17.85
 SOME BY MI Propolis B5 Glow Barrier Calming Toner 150ml,USD 22.00,USD 17.60
 Cos De BAHA Centella Facial Toner 200ml,USD 16.45,USD 13.98
 Haruharu WONDER Black Rice Hyaluronic Toner 300ml,USD 37.00,USD 31.45
 Isntree Hyaluronic Acid Toner 200ml (Renewal),USD 19.00,USD 16.15
 SOME BY MI AHA BHA PHA 30 Days Miracle Toner 150ml,USD 24.00,USD 17.40
 Pyunkang Yul Essence Toner 100ml,USD 14.50,USD 9.89
 secretKey Hyaluron Aqua Soft Toner 500ml,USD 22.00,USD 18.70
 ROUND LAB 1025 Dokdo Toner 200ml,USD 17.00,USD 14.45
 SOME BY MI Snail Truecica Miracle Repair Toner 135ml,USD 24.00,USD 17.40
 Dr.MYSKIN Vita Galacto Bifida 90 Toner 110ml,USD 15.70,USD 13.34
 COSRX AHA 7 WHITEHEAD POWER LIQUID 100ml,USD 17.81,USD 10.99
 secretKey Fresh Toner 248ml,USD 12.00,USD 10.20
 BLITHE Vital Treatment 8 Nourishing Beans 150ml,USD 42.90,USD 36.46
 COSRX Two In One Poreless Power Liquid 100ml,USD 22.00,USD 14.85
 Pyunkang Yul Essence Toner 200ml,USD 21.90,USD 15.33
 Isntree Clear Skin BHA Toner 200ml,USD 21.96,USD 18.67
 COSRX One Step Moisture Up Pad 70ea,USD 19.50,USD 14.62
 Elizavecca Hell-Pore Clean up AHA Fruit Toner 200ml,USD 14.00,USD 11.90
 BENTON Aloe BHA Skin Toner 200ml,USD 19.00,USD 14.99
 COSRX BHA BLACKHEAD POWER LIQUID 100 ML,USD 20.81,USD 12.99
 SKIN&LAB Medicica Balancing Toner 180ml,USD 21.63,USD 12.97
 TIAM Vita B5 Toner 180ml,USD 18.60,USD 11.99
 BADSKIN Hyaluronic Spa Toner 500ml,USD 26.00,USD 22.10
 Abib Heartleaf Calming Toner Skin Booster 200ml,USD 21.00,USD 17.85
 SOME BY MI Propolis B5 Glow Barrier Calming Toner 150ml,USD 22.00,USD 17.60
 Cos De BAHA Centella Facial Toner 200ml,USD 16.45,USD 13.98
 Haruharu WONDER Black Rice Hyaluronic Toner 300ml,USD 37.00,USD 31.45
 TIAM AC Fighting AHA BHA PHA Toner 180ml,USD 18.70,USD 11.99
 innisfree Jeju Cherry Blossom Skin 200ml,USD 20.22,USD 15.16
 iUNIK Vitamin Hyaluronic Acid Vitalizing Toner 200ml,USD 21.99,USD 18.69
 G9SKIN White In Milk Toner 300ml,USD 18.00,USD 15.30
 COSRX AC Collection Calming Liquid Mild 125ml,USD 26.00,USD 16.90
 NACIFIC Real Calendula Floral Toner 180ml,USD 26.00,USD 22.10
 CARYOPHY Portulaca Toner 300ml,USD 24.00,USD 20.40
 NEOGEN DERMALOGY Real Cica Pad 90ea,USD 17.90,USD 15.21
 heimish Bulgarian Rose Mist Serum 55ml,USD 24.00,USD 20.40
 BLITHE Vital Treatment 5 Energy Roots 150ml,USD 37.60,USD 31.96
 beplain Greenful Balancing Toner 200ml,USD 31.00,USD 14.00
 SKIN & LAB Porebarrier Clear Pad 70ea,USD 20.00,USD 13.00
 SKIN & LAB Tricicabarrier Soothing Toner 150ml,USD 16.00,USD 10.40
 SKIN1004 Madagascar Centella Tea-Trica Purifying Toner 210ml,USD 19.00,USD 16.15
 ROUND LAB For Men Birch Juice Moisturizing Toner 200ml,USD 26.00,USD 13.00
 BLITHE Vital Treatment 6 Calming Leaves 150ml,USD 34.00,USD 28.90
 HUECALM Waterful Refining Toner Pads 170g (90ea) (VEGAN),USD 30.00,USD 25.50
 HUECALM Cica Soothimg Mask 25g * 5ea,USD 20.00,USD 17.00
 Grafen CALMING GREEN SKIN 180ml,USD 26.00,USD 22.10
 [+FREE GIFT♥] PCALM Barrier_cycle Toner 200ml + PCALM Barrier_cycle Toner 30ml  *2EA,USD 38.00,USD 19.00
 Abib Heartleaf Calming Toner Skin Booster 200ml,USD 21.00,USD 17.85
 SOME BY MI Propolis B5 Glow Barrier Calming Toner 150ml,USD 22.00,USD 17.60
 Cos De BAHA Centella Facial Toner 200ml,USD 16.45,USD 13.98
 Haruharu WONDER Black Rice Hyaluronic Toner 300ml,USD 37.00,USD 31.45
 VEGREEN Alcohol-Free Nature Mucin Essence Toner 150ml,USD 22.00,USD 18.70
 YUNJAC HYDRATING & SOOTHING TREATMENT TONER WITH BAEKNYONCHO EXTRACT & UJILDU WATER 150ml,USD 50.00,USD 47.50
 YUNJAC HYDRATING & SOOTHING TONER WITH BAEKNYONCHO EXTRACT & UJILDU WATER 150ml,USD 50.00,USD 47.50
 YUNJAC WHOLE PLANT EFFECT ESSENTIAL TONER 150ml,USD 60.00,USD 57.00
 FRUDIA Avocado Relief Essence Toner 195g,USD 24.21,USD 23.00
 FRUDIA Blueberry Hydrating Toner 195g,USD 21.79,USD 20.70
 FRUDIA Green Grape Pore Control Toner 195g,USD 20.53,USD 19.50
 FRUDIA Pomegranate Nutri-Moisturizing Toner 195g,USD 24.21,USD 23.00
 FRUDIA Citrus Brightening Toner 195g,USD 22.95,USD 21.80
 Carenology95 SEA,USD 31.00,USD 26.35
 Carenology95 RE,USD 42.00,USD 35.70
 Carenology95 RE,USD 29.00,USD 24.65
 mixsoon Centella Asiatica Toner 300ml,USD 19.00,USD 17.10
 mixsoon Bifida Toner 300ml,USD 19.00,USD 17.10
 mixsoon Galactomyces Toner 300ml,USD 19.00,USD 17.10
 SKIN1004 Madagascar Centella Hyalu-Cica Cloudy Mist 120ml,USD 21.50,USD 18.27
 Wellage Real Hyaluronic Blue Toner Pad 210ml,USD 23.00,USD 19.55
 Wellage Real Cica Calming Big Embo Toner Pad 160ml,USD 21.00,USD 17.85
 K-SECRET Calamine 30 Days Secret Toner 160ml,USD 23.00,USD 19.55
 Anua Birch Moisture Boosting Toner 250ml,USD 24.00,USD 15.60
 Abib Heartleaf Calming Toner Skin Booster 200ml,USD 21.00,USD 17.85
 SOME BY MI Propolis B5 Glow Barrier Calming Toner 150ml,USD 22.00,USD 17.60
 Cos De BAHA Centella Facial Toner 200ml,USD 16.45,USD 13.98
 Haruharu WONDER Black Rice Hyaluronic Toner 300ml,USD 37.00,USD 31.45
 Anua Heartleaf 77% Clear Pad 160g,USD 30.00,USD 19.50
 Anua Heartleaf 77% Soothing Toner 500ml,USD 42.00,USD 27.30
 Anua Heartleaf 77% Soothing Toner 250ml,USD 28.00,USD 18.20
 AMUSE Phytoncica™ LHA Reboot Toner 150ml,USD 20.00,USD 14.00
 [SET] numbuzin No.3 Toner + Serum Set,USD 61.00,USD 51.85
 [SET] numbuzin No.2 Toner + Serum Set,USD 61.00,USD 51.85
 [SET] numbuzin No.1 Toner + Serum Set,USD 61.00,USD 51.85
 THE PLANT BASE Pore N Turn-Over 28 AHA BHA Toner 150ml,USD 20.00,USD 14.00
 THE PLANT BASE Nature Solution Hydrating Bamboo Water 160ml,USD 20.00,USD 14.00
 COSRX One Step Original Clear Pad 70ea,USD 24.00,USD 16.80
 Dr.G Red Blemish Clear Soothing Toner 300ml,USD 29.00,USD 24.65
 ETUDE HOUSE SoonJung Toner&Cica Balm Vegan Set,USD 42.00,USD 29.40
 Dr.G Red Blemish Clear Quick Soothing Pad 70ea,USD 25.00,USD 21.25
 THE PLANT BASE AC Clear Pure N Skin 180ml,USD 18.00,USD 12.60
 innisfree Black Tea Youth Enhancing Treatment Essence 145ml,USD 48.00,USD 36.00
 NEOGEN Dermalogy Real Ferment Micro Toner 150ml,USD 22.00,USD 18.70
 Papa Recipe  Tea Tree Control Skin 200ml,USD 21.00,USD 17.85
 Papa Recipe Eggplant Clearing Peeling Pad Toner Refill 35pads,USD 18.00,USD 15.30
 Papa Recipe Eggplant Clearing Peeling Pad Toner 70pads,USD 28.00,USD 23.80
 JUICE TO CLEANSE Vinegar Kombucha Essence 150ml,USD 39.00,USD 33.15
